Формулировка,Число запросов,,Формулировка,Число запросов,,Формулировка,Число запросов,,Формулировка,Число запросов,,Формулировка,Число запросов,,Формулировка,Число запросов,,Формулировка,Число запросов,,Формулировка,Число запросов,,Формулировка,Число запросов
bts,292 949,,чимин,115673,,техен,34045,,шуга,70 924,,джин,1 098 489,,намджун,19 852,,j hope,14 728,,jungkook,25 667,,weverse,5 418
bts песни,30 813,,чимин бтс,14421,,техен последние новости,8667,,шуга песни,12 871,,порно джина,65 572,,ким намджун,6 069,,j hope girl,3 965,,jungkook скачать,5 024,,weverse live,554
группа bts,27 892,,чимин и чонгук,10728,,техен и чонгук,7173,,шуг,6 437,,джин тоник,43 412,,намджун бтс,2 514,,j hope скачать,2 933,,jungkook песни,3 882,,,
bts скачать,27 127,,пак чимин,8454,,ким техен,5911,,шуг шуга,6 437,,джин тонике,43 412,,намджун песни,1 073,,j hope killin it,2 900,,jungkook seven,3 684,,,
bts перевод,11 260,,чимин песни,7356,,техен сегодня,5363,,шуга бтс,6 305,,джин фильм,37 902,,,,,killin it girl j hope,2 849,,still with you jungkook,3 285,,,
скачать песни bts,10 745,,чимин день,7192,,техен 2025,5337,,шуга и чонгук,6 016,,эльза джин,32 250,,,,,spaghetti j hope,1 883,,jungkook перевод,2 978,,,
bts новости,10 455,,чимин 2025,7190,,новости о техене,4678,,шуга скачать,5 721,,ву джин,29 026,,,,,j hope песни,1 835,,jungkook текст,2 681,,,
корейская группа bts,9 488,,рождение чимина,7142,,техен новости на сегодня,4609,,бурита шуга,3 444,,дорама джин,27 470,,,,,le sserafim j hope,1 219,,next to you jungkook,1 832,,,
bts участники,8 619,,чимин новости,6783,,бтс техен,4104,,бурита шуга шуга бурито,3 401,,ли джин,24 732,,,,,spaghetti le sserafim j hope,1 068,,jungkook stand,1 815,,,
bts run,8 526,,день рождения чимина,6703,,техен последние новости на сегодня,3943,,шуга шуга бурито,3 401,,пила джина,24 559,,,,,j hope kill,1 044,,jungkook standing,1 815,,,
bts running,8 526,,чимин последние новости,4612,,техен и чонгук последние,3517,,скачать песню шуга,3 192,,пит джина,24 530,,,,,джейхоуп,118,,standing next to you jungkook,1 800,,,
bts слушать,7 642,,чимин лет,3769,,техен и чонгук последние новости,3336,,песня чонгука и шуги,3 169,,джин барристер,23 337,,,,,перевод песни джейхоупа спагетти,9,,скачать песню jungkook,1 587,,,
bts бесплатно,7 564,,чимин фото,3637,,техен последние новости 2025,3210,,don t leave me alone шуга,2 463,,сон джин ву,22 820,,,,,,,,jungkook 3d,1 522,,,
bts love,7 515,,фанфик чимин,3167,,техен из bts,2821,,шуга раша,2 436,,про джина,22 588,,,,,,,,bts jungkook,1 105,,,
bts 2025,6 664,,чимин сегодня,3123,,техен и чонгук сегодня,2521,,шуга раш,2 408,,джина джерсон,20 912,,,,,,,,джонгук,478,,,
bts клипы,6 450,,юнги и чимин,2982,,ким техен последние новости,2486,,don t leave me alone чонгук шуга,2 296,,джиной джерсон,20 849,,,,,,,,чон джонгук,86,,,
bts последние,6 164,,чимин и тэхен,2865,,техен сегодня 2025,2173,,leave me alone шуга и чонгук,2 215,,песня джина,20 306,,,,,,,,,,,,
bts чонгук,6 128,,чимин скачать,2788,,о техене последнее,2157,,шуга надя,2 011,,билли джин,19 659,,,,,,,,,,,,
bts me,5 586,,какой чимин,2741,,техен новости на сегодня 2025,2112,,слушать шуга,1 907,,с джиной,17 981,,,,,,,,,,,,
bts последние новости,5 586,,чимин сколько,2572,,техен и чонгук последние новости на сегодня,2010,,шато шуг,1 869,,смотреть джин,16 758,,,,,,,,,,,,
bts озвучка,5 457,,чимин из bts,2422,,техен последние новости на сегодня 2025,1937,,шато шуго,1 869,,джин желаний,16 329,,,,,,,,,,,,
bts лет,5 079,,бывшая чимина,2397,,техен и чонгук 2025,1729,,шуга найт,1 835,,джина гершон,16 230,,,,,,,,,,,,
bts текст,4 728,,где чимин,2210,,техен песни,1408,,шуга на реке,1 672,,эльза джин порно,16 197,,,,,,,,,,,,
группа bts участники,4 690,,who чимин,2118,,новости о техене и чонгуке,1397,,шуга скачать бесплатно,1 483,,джин купить,16 022,,,,,,,,,,,,
bts скачать бесплатно,4 556,,чимин новости 2025,2049,,техен лет,1170,,шуг найт,1 456,,скачать джин,15 717,,,,,,,,,,,,
bts концерт,4 460,,новости чимина на сегодня,1960,,новости о техене из бтс,103,,шуга фото,1 450,,коэффициент джини,14 964,,,,,,,,,,,,
bts сегодня,4 338,,чимин бтс новости,1906,,taehyung,4 619,,шугом найт,1 446,,с чем пьют джин,14 519,,,,,,,,,,,,
какие bts,4 336,,чимина русские,1813,,kim taehyung,1 601,,песня шуга шуга бурит,1 332,,джина герсон,14 387,,,,,,,,,,,,
bts 2,4 207,,сколько лет чимину,1723,,,,,песня буриты шуга,1 328,,джиной герсон,14 319,,,,,,,,,,,,
bts am,4 199,,чимин мем,1661,,,,,шуга шуга песня бурито,1 313,,джин бтс,14 312,,,,,,,,,,,,
bts being,4 199,,чимин октябрь 2025,1661,,,,,порно шуга,1 235,,джина карана,14 004,,,,,,,,,,,,
bts на русском,4 048,,чимин песни скачать,1637,,,,,бурито шуга скачать,1 191,,джина карано,13 951,,,,,,,,,,,,
bts тэхен,3 934,,чимин последние новости 2025,1563,,,,,шуга перевод,1 180,,джиной карано,13 911,,,,,,,,,,,,
смотреть bts,3 825,,чимин диор,1482,,,,,гортензия шуга,1 179,,е джин,13 601,,,,,,,,,,,,
bts fakes,3 821,,чимин озвучка,1481,,,,,шуга ледяная,1 150,,джин фото,13 092,,,,,,,,,,,,
bts новости на сегодня,3 818,,чимин 2025 год,1473,,,,,шуга дэдди,1 095,,хороший джин,12 192,,,,,,,,,,,,
fake love bts,3 737,,шоу чимина и чонгука,1435,,,,,шуга раша гортензия,1 094,,коктейли с джином,12 007,,,,,,,,,,,,
dynamite bts,3 662,,про чимина,1429,,,,,гортензия шуга раш,1 086,,джин цена,11 940,,,,,,,,,,,,
bts v,3 532,,др чимина,1386,,,,,шуга марина,1 076,,джин загадывает желание,11 723,,,,,,,,,,,,
bts фото,3 465,,видео чимин,1357,,,,,шуга бейби,1 070,,индекс джини,11 660,,,,,,,,,,,,
bts сколько,3 448,,майкл чимино,1355,,,,,шуга клипы,1 048,,джин отзывы,11 659,,,,,,,,,,,,
бесплатные песни bts,3 411,,чимин из бтс день,1333,,,,,шуга явление,1 013,,джины видео,11 390,,,,,,,,,,,,
bts black,3 327,,танцы чимина,1331,,,,,suga,11 725,,джин 2025,11 384,,,,,,,,,,,,
bts русская озвучка,3 312,,ты уверен чимин,1299,,,,,bts suga,2 127,,бывшая джина,10 813,,,,,,,,,,,,
bts boy,3 168,,чимин последние новости на сегодня,1287,,,,,скачать suga,2 027,,суть джина,10 637,,,,,,,,,,,,
bts альбомы,3 032,,чимин слушать,1266,,,,,suga песни,1 778,,джин симмонс,10 306,,,,,,,,,,,,
bts 1,3 023,,чимин клип,1261,,,,,,,,джин бесплатно,10 002,,,,,,,,,,,,
bts swan,2 981,,чимин и чонгука новости,1261,,,,,,,,русский джин,9 977,,,,,,,,,,,,
bts black swan,2 964,,ты уверен чонгук чимин,1251,,,,,,,,желание джина дорама,9 959,,,,,,,,,,,,
bts эпизод,2 913,,ли чимин,1244,,,,,,,,концерт джина,9 933,,,,,,,,,,,,
техен из bts,2 821,,чимин перевод,1192,,,,,,,,джин градусы,9 782,,,,,,,,,,,,
группа bts слушать,2 732,,группа чимина,1191,,,,,,,,джина джексон,9 725,,,,,,,,,,,,
фанфики bts,2 717,,чимин сегодня 2025,1094,,,,,,,,чхве джина,9 583,,,,,,,,,,,,
перевод песен bts,2 700,,чимин и чонгук последние,1087,,,,,,,,джин онлайн,9 527,,,,,,,,,,,,
bts видео,2 674,,смотреть чимин,1086,,,,,,,,дохода джин,9 334,,,,,,,,,,,,
bts онлайн,2 672,,чимин и чонгук последние новости,1061,,,,,,,,рецепт джина,9 325,,,,,,,,,,,,
bts песни слушать,2 629,,чимин бтс 2025,1054,,,,,,,,семечки джин,9 300,,,,,,,,,,,,
bts лучшее,2 574,,девушка чимина,1046,,,,,,,,джин корзина,9 244,,,,,,,,,,,,
bts day,2 517,,чимин актер,1039,,,,,,,,дорама джин загадай,9 146,,,,,,,,,,,,
бывшие bts,2 450,,эфир чимина,1027,,,,,,,,бутылка джина,9 145,,,,,,,,,,,,
bts где,2 441,,день рождения чимина из бтс,1020,,,,,,,,загадай желание джин дорам,9 122,,,,,,,,,,,,
bts army,2 431,,трансляция чимина,1016,,,,,,,,джин загадай желание дорама,9 107,,,,,,,,,,,,
чимин из bts,2 422,,jimin,13 944,,,,,,,,джина дэвис,8 902,,,,,,,,,,,,
butter bts,2 346,,who jimin,3 248,,,,,,,,джин напиток,8 845,,,,,,,,,,,,
bts idol,2 329,,jimin скачать,2 438,,,,,,,,джиной дэвис,8 844,,,,,,,,,,,,
скачать песни bts бесплатно,2 322,,jimin песни,1 820,,,,,,,,джина лоллобриджид,8 733,,,,,,,,,,,,
bts luv,2 213,,jimin перевод,1 180,,,,,,,,джина лоллобриджида,8 733,,,,,,,,,,,,
bts именами,2 186,,bts jimin,1 057,,,,,,,,джиной лоллобриджид,8 725,,,,,,,,,,,,
bts drop,2 181,,,,,,,,,,,джиной лоллобриджидой,8 720,,,,,,,,,,,,
bts самые,2 145,,,,,,,,,,,джин майкл,8 714,,,,,,,,,,,,
bts suga,2 127,,,,,,,,,,,порно джина джерсон,8 709,,,,,,,,,,,,
bts mic,2 086,,,,,,,,,,,где джина,8 520,,,,,,,,,,,,
bts mic drop,2 046,,,,,,,,,,,джин 1,8 515,,,,,,,,,,,,
bts новости 2025,2 037,,,,,,,,,,,джексон билли джин,8 450,,,,,,,,,,,,
ran bts эпизод,1 998,,,,,,,,,,,билли джин майкл,8 352,,,,,,,,,,,,
bts сезон,1 981,,,,,,,,,,,джин сериал,8 343,,,,,,,,,,,,
bts dance,1 962,,,,,,,,,,,майкл джексон джин,8 241,,,,,,,,,,,,
bts dancing,1 962,,,,,,,,,,,джин су,8 238,,,,,,,,,,,,
музыка bts,1 949,,,,,,,,,,,джин грей,8 217,,,,,,,,,,,,
bts go go,1 892,,,,,,,,,,,джин хек,8 213,,,,,,,,,,,,
bts live,1 826,,,,,,,,,,,коэффициент доходов джини,8 161,,,,,,,,,,,,
корейские новости bts,1 825,,,,,,,,,,,майкл джексон билли джин,8 126,,,,,,,,,,,,
bts онлайн бесплатно,1 823,,,,,,,,,,,джин алкоголь,7 905,,,,,,,,,,,,
bts tear,1 818,,,,,,,,,,,джин 3,7 651,,,,,,,,,,,,
bts день,1 781,,,,,,,,,,,коэффициент индекса джини,7 463,,,,,,,,,,,,
bts слушать бесплатно,1 755,,,,,,,,,,,джин хен,7 449,,,,,,,,,,,,
bts 4,1 732,,,,,,,,,,,дорама про джина,7 427,,,,,,,,,,,,
bts t,1 724,,,,,,,,,,,джина герсон порно,7 385,,,,,,,,,,,,
bts spring,1 703,,,,,,,,,,,чон джин,7 338,,,,,,,,,,,,
bts run озвучка,1 691,,,,,,,,,,,коэффициент концентрации джини,7 323,,,,,,,,,,,,
bts spring day,1 679,,,,,,,,,,,джину демон,7 305,,,,,,,,,,,,
bts купить,1 677,,,,,,,,,,,индекс концентрации джини,7 291,,,,,,,,,,,,
bts porn,1 674,,,,,,,,,,,коэффициент концентрации доходов джини,7 264,,,,,,,,,,,,
песни группы bts,1 674,,,,,,,,,,,индекс концентрации доходов джини,7 234,,,,,,,,,,,,
bts перевод на русский,1 663,,,,,,,,,,,чхве джин хек,7 228,,,,,,,,,,,,
bts mp3,1 657,,,,,,,,,,,джин лет,7 219,,,,,,,,,,,,
bts run русская,1 653,,,,,,,,,,,коэффициент джини цель,7 213,,,,,,,,,,,,
bts 3,1 637,,,,,,,,,,,коэффициент джини индекс концентрации доходов,7 203,,,,,,,,,,,,
bts хорошее качество,1 618,,,,,,,,,,,руми и джину,7 202,,,,,,,,,,,,
рождения bts,1 603,,,,,,,,,,,коэффициент джини для какой цели,7 064,,,,,,,,,,,,
фильм bts,1 582,,,,,,,,,,,коэффициент джини для мониторинга какой цели,6 984,,,,,,,,,,,,
bts сейчас,1 569,,,,,,,,,,,для какой цели используется коэффициент джини,6 952,,,,,,,,,,,,
bts jump,1 537,,,,,,,,,,,коэффициент джини используется для мониторинга,6 940,,,,,,,,,,,,
сколько лет bts,1 527,,,,,,,,,,,используется индекс концентрации доходов коэффициент джини,6 921,,,,,,,,,,,,
jin bts,1 524,,,,,,,,,,,для мониторинга какой цели используется коэффициент джини,6 920,,,,,,,,,,,,
bts yourself,1 522,,,,,,,,,,,джин хэкмен,6 910,,,,,,,,,,,,
bts don,1 520,,,,,,,,,,,джин сколько градусов,6 711,,,,,,,,,,,,
bts don t,1 508,,,,,,,,,,,охотница джина,6 631,,,,,,,,,,,,
bts more,1 464,,,,,,,,,,,серия джины,6 467,,,,,,,,,,,,
bts most,1 464,,,,,,,,,,,джин гол,6 053,,,,,,,,,,,,
t me bts,1 464,,,,,,,,,,,джин бомбей,6 053,,,,,,,,,,,,
bts feat,1 456,,,,,,,,,,,порно с джиной,5 865,,,,,,,,,,,,
bts love yourself,1 442,,,,,,,,,,,порно с джиной джин,5 863,,,,,,,,,,,,
bts many many,1 439,,,,,,,,,,,сон е джин,5 833,,,,,,,,,,,,
bts world,1 438,,,,,,,,,,,фильм про джина,5 618,,,,,,,,,,,,
про bts,1 407,,,,,,,,,,,джин жизни,5 451,,,,,,,,,,,,
bts ли,1 405,,,,,,,,,,,джин онлайн бесплатно,5 447,,,,,,,,,,,,
bts bloods,1 394,,,,,,,,,,,лампа джина,5 301,,,,,,,,,,,,
rm bts,1 384,,,,,,,,,,,джин текст,5 275,,,,,,,,,,,,
bts mp3 скачать,1 377,,,,,,,,,,,розовый джин,5 270,,,,,,,,,,,,
bts ким,1 376,,,,,,,,,,,охотницы на демонов джину,5 204,,,,,,,,,,,,
bts серия,1 374,,,,,,,,,,,джин дорама 2025,5 188,,,,,,,,,,,,
bts don t me,1 368,,,,,,,,,,,джин 0,5 151,,,,,,,,,,,,
новости о группе bts,1 356,,,,,,,,,,,аниме джин,5 005,,,,,,,,,,,,
текст песни bts,1 352,,,,,,,,,,,смотреть бесплатно джина,4 849,,,,,,,,,,,,
bts слушать онлайн,1 309,,,,,,,,,,,джин музыкант,4 845,,,,,,,,,,,,
bts make,1 305,,,,,,,,,,,скачать песню джин,4 793,,,,,,,,,,,,
bts making,1 305,,,,,,,,,,,джин геншин,4 791,,,,,,,,,,,,
yours bts,1 276,,,,,,,,,,,джин симмонс музыкант,4 756,,,,,,,,,,,,
bts blood tears,1 273,,,,,,,,,,,джин гу,4 736,,,,,,,,,,,,
bts бесплатно mp3,1 272,,,,,,,,,,,джина и джорджия,4 693,,,,,,,,,,,,
bts love скачать,1 261,,,,,,,,,,,джин биография,4 683,,,,,,,,,,,,
bts bon,1 253,,,,,,,,,,,джин 5,4 646,,,,,,,,,,,,
bts leave me,1 248,,,,,,,,,,,джина анал,4 635,,,,,,,,,,,,
bts sweat,1 241,,,,,,,,,,,джин язык,4 629,,,,,,,,,,,,
bts voyage,1 238,,,,,,,,,,,уровень джина,4 594,,,,,,,,,,,,
bts bon voyage,1 236,,,,,,,,,,,игра джин,4 593,,,,,,,,,,,,
bts blood sweat,1 234,,,,,,,,,,,джин ук,4 582,,,,,,,,,,,,
bts best,1 230,,,,,,,,,,,джин читать,4 492,,,,,,,,,,,,
bts better,1 230,,,,,,,,,,,читан джин,4 492,,,,,,,,,,,,
bts последние новости 2025,1 224,,,,,,,,,,,хе джин,4 459,,,,,,,,,,,,
bts good,1 223,,,,,,,,,,,чон джин ен,4 456,,,,,,,,,,,,
bts don t leave,1 220,,,,,,,,,,,актриса джина,4 441,,,,,,,,,,,,
группа bts клипы,1 207,,,,,,,,,,,книга джина,4 339,,,,,,,,,,,,
bts 7,1 207,,,,,,,,,,,ли джин ук,4 321,,,,,,,,,,,,
bts мебель,1 204,,,,,,,,,,,нова джин,4 321,,,,,,,,,,,,
новости о корейской группе bts,1 202,,,,,,,,,,,джина люккенкемпер,4 312,,,,,,,,,,,,
ran bts русская озвучка,1 201,,,,,,,,,,,джиной люккенкемпер,4 311,,,,,,,,,,,,
bts порно,1 201,,,,,,,,,,,джин новое,4 298,,,,,,,,,,,,
bts pt,1 199,,,,,,,,,,,е джин гу,4 287,,,,,,,,,,,,
don t leave me bts,1 195,,,,,,,,,,,пак джин,4 282,,,,,,,,,,,,
bts house,1 193,,,,,,,,,,,домашний джин,4 152,,,,,,,,,,,,
смотреть бесплатно bts,1 190,,,,,,,,,,,джин хо,4 150,,,,,,,,,,,,
день рождения bts,1 174,,,,,,,,,,,barrister джин,4 077,,,,,,,,,,,,
bts us,1 171,,,,,,,,,,,качества джина,4 067,,,,,,,,,,,,
bts язык,1 169,,,,,,,,,,,почему джин,4 060,,,,,,,,,,,,
bts sweat tears,1 164,,,,,,,,,,,коктейль джин тоник,4 025,,,,,,,,,,,,
bts j,1 158,,,,,,,,,,,джин вкус,3 987,,,,,,,,,,,,
bts fire,1 142,,,,,,,,,,,джин смотреть онлайн бесплатно,3 954,,,,,,,,,,,,
bts card,1 141,,,,,,,,,,,джин ан,3 850,,,,,,,,,,,,
озвучка эпизод bts,1 139,,,,,,,,,,,два джина,3 801,,,,,,,,,,,,
юнге bts,1 136,,,,,,,,,,,джин шайтан,3 797,,,,,,,,,,,,
bts hope,1 135,,,,,,,,,,,смотреть дораму джин,3 769,,,,,,,,,,,,
bts клипы смотреть,1 126,,,,,,,,,,,джин сапфир,3 761,,,,,,,,,,,,
bts смотреть онлайн,1 113,,,,,,,,,,,драй джин,3 662,,,,,,,,,,,,
bts песни слушать бесплатно,1 107,,,,,,,,,,,джин сезон,3 638,,,,,,,,,,,,
bts jungkook,1 105,,,,,,,,,,,голубой джин,3 626,,,,,,,,,,,,
bts dna,1 103,,,,,,,,,,,7 джина,3 600,,,,,,,,,,,,
bts 2026,1 085,,,,,,,,,,,джины в исламе,3 577,,,,,,,,,,,,
bts airplane,1 070,,,,,,,,,,,джина валентин,3 577,,,,,,,,,,,,
bts lights,1 064,,,,,,,,,,,джина валентина,3 577,,,,,,,,,,,,
lighting bts,1 064,,,,,,,,,,,ли су джин,3 560,,,,,,,,,,,,
s bts,1 059,,,,,,,,,,,норма джин,3 544,,,,,,,,,,,,
bts jimin,1 057,,,,,,,,,,,джиной валентина,3 540,,,,,,,,,,,,
bts house of cards,1 054,,,,,,,,,,,джин алкогольная,3 538,,,,,,,,,,,,
bts alone,1 053,,,,,,,,,,,песня билли джин,3 527,,,,,,,,,,,,
bts pied,1 051,,,,,,,,,,,ан ын джин,3 503,,,,,,,,,,,,
bts песни love,1 043,,,,,,,,,,,джин череп,3 488,,,,,,,,,,,,
bts сегодня 2025,1 043,,,,,,,,,,,джин грин,3 399,,,,,,,,,,,,
группа bts бесплатно,1 026,,,,,,,,,,,сура джин,3 396,,,,,,,,,,,,
выступление bts,1 025,,,,,,,,,,,джин в домашних условиях,3 387,,,,,,,,,,,,
bts шоу,1 024,,,,,,,,,,,смотреть хороший джина,3 381,,,,,,,,,,,,
bts 2019,1 019,,,,,,,,,,,правильный джин,3 353,,,,,,,,,,,,
,,,,,,,,,,,,белый джин,3 339,,,,,,,,,,,,
,,,,,,,,,,,,ели джин,3 337,,,,,,,,,,,,
,,,,,,,,,,,,порно видео джина,3 334,,,,,,,,,,,,
,,,,,,,,,,,,джин онлайн в хорошем качестве,3 327,,,,,,,,,,,,
,,,,,,,,,,,,джин бифитер,3 311,,,,,,,,,,,,
,,,,,,,,,,,,джин бесплатно в хорошем качестве,3 307,,,,,,,,,,,,
,,,,,,,,,,,,дорама про джина 2025,3 291,,,,,,,,,,,,
,,,,,,,,,,,,смотреть джин в хорошем качестве,3 274,,,,,,,,,,,,
,,,,,,,,,,,,джин смотреть онлайн в хорошем качестве,3 214,,,,,,,,,,,,
,,,,,,,,,,,,джин персонаж,3 180,,,,,,,,,,,,
,,,,,,,,,,,,джина монелли,3 132,,,,,,,,,,,,
,,,,,,,,,,,,джин бомбей сапфир,3 124,,,,,,,,,,,,
,,,,,,,,,,,,джина поднятие уровня,3 116,,,,,,,,,,,,
,,,,,,,,,,,,джин попа,3 113,,,,,,,,,,,,
,,,,,,,,,,,,джин дома,3 108,,,,,,,,,,,,
,,,,,,,,,,,,красный джин,3 107,,,,,,,,,,,,
,,,,,,,,,,,,джину актер,3 104,,,,,,,,,,,,
,,,,,,,,,,,,jin bts,1 524,,,,,,,,,,,,